0x8917d4d8a2096aad813069c558e82297bfea447f,938
0x6433fdbd5dac8ea291850ded08698c895bbe2e01,1255
0xe5603e4188abc6903c911c89313bc80498f39840,4184
0xb5532ceb62ab83e4a0f1281f5cb9a019b16e1c12,694
0xd836da33a6629548271eb9ef4f62d083376eb4a6,5
0x9d156bc7c8768294510a4a41883d5a4eb15b15e3,30
0xca3e3ff71782cda9fb5a7f2234287061f141e881,11671
0xca5abbbb3cc7451f21f98cd83d776ccaa8094101,18
0xcf1c83c382e0a567b90c299bb16f13b3676e2f5e,18
0xd8ccc62acbcc888c520a5c2cc6767d9e657ff20f,691
0xc77c6eab64fb3986ceeae9a76081dd2097edcd0c,10
0x602f51dcbeda58dc247fe73f1800d3e4fc2115bb,16
0xf0a8cea0de817eec61b4d27456cfb003167e8024,685
0x5eb67a3b141f3036899ee77822a41277166c540e,69
0x73a74b1e90c8301813379d7b77a2cfbd90d8b277,48
0xf2baa666e9d04e29147353eba49e9f621990ce24,39
0x4f09de19035757063c22cf597686afff62d1513e,4079
0xd0d3f44794559d5f2fd7e287d1d0de036deaac8e,102
0x9059b7c20390161af7a8fd2aac21f1b9ac7b22be,154
0x408292261546e0d1f679c176d012e528570f28e5,257
0x95509ba6fb10b9d24fe98760646a6c69ab98a9af,16
0x650f22e6c5a5e32a19b94f82efd6fc6be3e2814a,75
0x9a0efb1b5cb7426388bff5a310dd2dec054a24cb,41
0x1ca2007f98e152aa16dd42d747d6f0afc263a832,22
0xf6fa30fe312eebce7f7cfccb31c9eccb93b497a7,2015
0xfdec300375196264d3a235362cd31c8b711a7934,224
0x35efa46f22e0fb34cd8cb3ddf87149140d444b7c,23
0x194a019cd87620e24cd653783c43f5fc69a6b876,54
0x31ac83bf399ffcc14e574bb4066f868a807f55a8,1139
0xafe372b0fbed3e10f65495d71383b18737c74726,162
0x8db89d5811a971185ddb78069d9dbb115dd7ee5e,174
0x37f8e3b0dfc2a980ec9cd2c233a054eaa99e9d8a,207
0x5dfdb0c13567b431ed893257b945e20ab182c1a8,2327
0x9e773d536af3c044193450a56d9c6cf39d4807ce,8
0xe54af90cc6ed54ea15058df1ea2142764d5b5675,607
0x18a428ce0c31584a21cf8cefdb8849d8013e1994,736
0xa9ead7378083dae6d4b657daa3dddebf2cb4a1a5,575
0x2b07d892b841d1ee93696291c55557adb1c22fea,2056
0xfd5270981deb18b5b80ea40cf7e65991b57ce6a1,438
0x8e26530e1d3ce2e31322ff12ddf27a65cc2bd92a,44
0x12187fc34348167034e8ec9aa52f9863404eeacd,526
0x067712ab0f7806288adcd9e22791c425d0d9f8b0,45
0xa5e6b5c204c94e97f418c9748e56848d9b661fcc,1720
0x9b4c00530a0355afaea727d9b17d7f7507d9f5c9,200
0xfb093b02e23b9d313f6686f7a28c485ef74df831,1697
0xbb1130367b46c56d9fa54aa5daed7bd8d391a7fd,196
0x192ec4167530614731f1a378f926fbdf1abe09c5,4653
0xad1ab00ea97539b1002f93c35a9f0d2873deb3d1,8003
0x4d4902bd7e080159964f46b10feeb6482d148e5a,6
0xa739864b45e2d4ae5c2799538828d820699af9ab,451
0x1ac284668cc833a9d04cc21ff16fea7df1cbde75,2021
0x80e515edac27bcd19c9d4db634f973b2360a73cf,55
0x9078ef887393387e80cd4c269f6bd176c2a829e3,2907
0xff7efba11a8888d6974997d4a8940bf83cd7a580,1142
